Run;PICP_LSTM;MPIW_LSTM;PICP_MLP;MPIW_MLP
1.0;0.06666666666666667;0.869;0.2;7.274
2.0;0.03333333333333333;0.173;0.0;1.181
3.0;0.0;0.203;0.016666666666666666;0.03
4.0;0.0;-0.654;0.016666666666666666;-0.765
5.0;0.0;-0.517;0.03333333333333333;0.662
6.0;0.0;-0.386;0.11666666666666667;7.826
7.0;0.016666666666666666;0.163;0.0;-0.86
8.0;0.0;-0.592;0.03333333333333333;0.292
9.0;0.0;-0.245;0.0;-5.109
10.0;0.08333333333333333;1.496;0.0;-16.012
