Run;PICP_LSTM;MPIW_LSTM;PICP_MLP;MPIW_MLP
1.0;0.0;-2.783;0.0;-10.152
2.0;0.2;3.655;0.1;5.051
3.0;0.0;-2.521;0.016666666666666666;-0.171
4.0;0.3333333333333333;6.908;0.08333333333333333;1.991
5.0;0.15;3.257;0.0;-2.21
6.0;0.2833333333333333;6.077;0.0;-4.169
7.0;0.31666666666666665;6.717;0.0;-4.557
8.0;0.06666666666666667;1.102;0.18333333333333332;12.076
9.0;0.31666666666666665;7.679;0.0;-0.042
10.0;0.23333333333333334;5.102;0.0;0.348
