Run;PICP_LSTM;MPIW_LSTM;PICP_MLP;MPIW_MLP
1.0;0.012121212121212121;0.17;0.0;-1.914
2.0;0.06666666666666667;0.451;0.0;-2.014
3.0;0.006060606060606061;-0.01;0.0;-1.222
4.0;0.0;-0.158;0.006060606060606061;-3.232
5.0;0.0;-0.297;0.024242424242424242;0.526
6.0;0.04242424242424243;0.443;0.006060606060606061;-2.239
7.0;0.0;-0.101;0.08484848484848485;2.315
8.0;0.0;-0.229;0.17575757575757575;3.156
9.0;0.0;-0.228;0.0;-0.417
10.0;0.0;-0.23;0.030303030303030304;-0.048
